sample_ts,shift,actual,predicted,residual
2025-04-02 06:00:00,M,80.0,78.33521681579538,1.664783184204623
2025-04-02 14:00:00,E,81.0,78.98237265747888,2.0176273425211235
2025-04-03 06:00:00,M,77.0,76.50514321272478,0.494856787275225
2025-04-03 14:00:00,E,74.0,75.34652843102299,-1.346528431022989
2025-04-04 06:00:00,M,69.0,74.24091046124148,-5.240910461241484
2025-04-04 14:00:00,E,74.0,74.5053638214769,-0.5053638214769052
2025-04-05 06:00:00,M,75.0,78.74135172066087,-3.741351720660873
2025-04-05 14:00:00,E,70.0,75.86371046868025,-5.863710468680253
2025-04-06 06:00:00,M,78.0,77.39871132743414,0.6012886725658575
2025-04-06 14:00:00,E,76.0,75.7588857772287,0.24111422277130146
2025-04-07 06:00:00,M,80.0,77.70550717878471,2.294492821215286
2025-04-07 14:00:00,E,73.0,74.75449759841554,-1.75449759841554
2025-04-08 06:00:00,M,74.0,75.94550119034997,-1.9455011903499724
2025-04-08 14:00:00,E,78.0,78.37366860776426,-0.3736686077642588
2025-04-09 06:00:00,M,78.0,78.2207073954269,-0.2207073954268992
2025-04-09 14:00:00,E,76.0,77.40662437745941,-1.4066243774594085
2025-04-10 06:00:00,M,75.0,82.99930125779247,-7.999301257792467
2025-04-10 14:00:00,E,83.0,81.50730706922423,1.4926929307757746
2025-04-11 06:00:00,M,80.0,78.51894452276328,1.4810554772367226
2025-04-11 14:00:00,E,77.0,75.82141143432155,1.178588565678453
2025-04-12 06:00:00,M,78.0,83.86145588081799,-5.861455880817985
2025-04-12 14:00:00,E,80.0,79.58219572624482,0.4178042737551806
2025-04-13 06:00:00,M,80.0,78.54128698713247,1.458713012867534
2025-04-13 14:00:00,E,78.0,77.67346943723624,0.32653056276376446
2025-04-14 06:00:00,M,70.0,70.11445750210443,-0.11445750210442895
2025-04-14 14:00:00,E,70.0,72.10326730997984,-2.1032673099798416
2025-04-15 06:00:00,M,80.0,76.51700001163071,3.4829999883692864
2025-04-15 14:00:00,E,78.0,78.31029217374014,-0.3102921737401374
2025-04-16 06:00:00,M,76.0,76.35818665318946,-0.3581866531894633
2025-04-16 14:00:00,E,77.0,75.66142516691727,1.3385748330827312
2025-04-17 06:00:00,M,81.0,77.51263155872688,3.4873684412731194
2025-04-17 14:00:00,E,73.0,75.96318338591227,-2.9631833859122736
2025-04-18 06:00:00,M,72.0,76.60315721000251,-4.603157210002507
2025-04-18 14:00:00,E,74.0,75.44101480119217,-1.4410148011921677
2025-04-19 06:00:00,M,75.0,74.71118559757466,0.28881440242534495
2025-04-19 14:00:00,E,75.0,74.88528110802712,0.11471889197288476
2025-04-20 14:00:00,E,75.0,76.05479882916141,-1.0547988291614132
2025-04-21 06:00:00,M,75.0,74.57041203744136,0.4295879625586423
2025-04-21 14:00:00,E,71.0,72.7835010736889,-1.783501073688896
2025-04-22 06:00:00,M,61.0,73.96259206716056,-12.962592067160557
2025-04-22 14:00:00,E,74.0,73.29856188948536,0.7014381105146441
2025-04-23 06:00:00,M,72.0,74.33396812526506,-2.3339681252650593
2025-04-23 14:00:00,E,77.0,77.14750027921272,-0.14750027921272135
2025-04-24 06:00:00,M,81.0,80.53590465290684,0.46409534709316347
2025-04-24 14:00:00,E,73.0,74.94170007576403,-1.9417000757640324
2025-04-25 14:00:00,E,75.0,75.3167956697091,-0.31679566970909434
2025-04-26 06:00:00,M,73.0,74.8135167764824,-1.8135167764824018
2025-04-26 14:00:00,E,72.0,73.54369891445238,-1.5436989144523778
2025-04-27 06:00:00,M,74.0,73.64522137780216,0.3547786221978413
2025-04-27 14:00:00,E,73.0,71.45901293974579,1.54098706025421
2025-04-28 06:00:00,M,74.0,70.92665636357634,3.073343636423658
2025-04-28 14:00:00,E,73.0,73.61144864668876,-0.611448646688757
2025-04-29 06:00:00,M,75.0,74.91728231219504,0.08271768780495847
2025-04-29 14:00:00,E,73.0,73.70699417256178,-0.7069941725617781
2025-04-30 06:00:00,M,81.0,80.50032301103084,0.49967698896915635
2025-04-30 14:00:00,E,78.0,78.1933626388722,-0.19336263887220184
2025-05-01 06:00:00,M,78.0,75.515575762506,2.4844242374939967
2025-05-01 14:00:00,E,79.0,75.09998876520595,3.90001123479405
2025-05-02 06:00:00,M,76.0,76.93186849597005,-0.9318684959700505
2025-05-02 14:00:00,E,79.0,79.04674481591165,-0.04674481591165147
2025-05-03 06:00:00,M,78.0,78.31935424603526,-0.3193542460352603
2025-05-03 14:00:00,E,76.0,75.71544915262841,0.284550847371591
2025-05-04 06:00:00,M,75.0,74.80157548764473,0.19842451235527392
2025-05-04 14:00:00,E,74.0,75.61200885471597,-1.6120088547159668
2025-05-05 06:00:00,M,72.0,76.74647849548417,-4.746478495484169
2025-05-05 14:00:00,E,75.0,76.61673046936308,-1.6167304693630768
2025-05-06 06:00:00,M,76.0,76.2250988742541,-0.22509887425410113
2025-05-06 14:00:00,E,67.0,75.32017229401539,-8.320172294015393
2025-05-07 06:00:00,M,83.0,82.40610762079707,0.5938923792029271
2025-05-07 14:00:00,E,83.0,80.95922905373068,2.040770946269319
2025-05-08 06:00:00,M,76.0,78.69218186673108,-2.692181866731076
2025-05-08 14:00:00,E,80.0,79.72700737819387,0.27299262180612516
2025-05-09 06:00:00,M,82.0,80.93175999628052,1.068240003719481
2025-05-09 14:00:00,E,84.0,82.36207428062853,1.6379257193714665
2025-05-10 06:00:00,M,75.0,75.56633165963325,-0.5663316596332493
2025-05-10 14:00:00,E,74.0,73.2106095845507,0.7893904154493043
2025-05-11 06:00:00,M,69.0,73.62720592122682,-4.6272059212268175
2025-05-11 14:00:00,E,74.0,75.36927054906313,-1.3692705490631312
2025-05-12 06:00:00,M,72.0,73.53274763039065,-1.532747630390645
2025-05-12 14:00:00,E,75.0,77.03444424024039,-2.03444424024039
2025-05-13 06:00:00,M,78.0,76.60044496436021,1.3995550356397928
2025-05-13 14:00:00,E,78.0,79.03529838292344,-1.0352983829234432
2025-05-14 06:00:00,M,79.0,81.23171807908852,-2.231718079088523
2025-05-14 14:00:00,E,80.0,79.87674758942913,0.12325241057087055
2025-05-15 06:00:00,M,78.0,79.5645635944583,-1.5645635944583063
2025-05-15 14:00:00,E,80.0,77.27689361013073,2.7231063898692724
2025-05-16 06:00:00,M,78.0,77.74240681097056,0.2575931890294356
2025-05-16 14:00:00,E,76.0,77.35356497747613,-1.3535649774761254
2025-05-17 06:00:00,M,76.0,75.41844043125745,0.5815595687425485
2025-05-17 14:00:00,E,76.0,73.53348155268216,2.4665184473178385
2025-05-18 06:00:00,M,75.0,74.4015372740241,0.5984627259759066
2025-05-18 14:00:00,E,74.0,73.95407429972505,0.04592570027494958
2025-05-19 06:00:00,M,73.0,70.87228376407201,2.1277162359279913
2025-05-19 14:00:00,E,76.0,74.31018558241603,1.6898144175839747
2025-05-20 06:00:00,M,76.0,70.00469395404335,5.995306045956653
2025-05-20 14:00:00,E,70.0,73.68780503133577,-3.6878050313357704
2025-05-21 06:00:00,M,78.0,77.98425055104221,0.0157494489577914
2025-05-21 14:00:00,E,78.0,77.49525248915656,0.504747510843444
2025-05-22 06:00:00,M,80.0,74.73158794048575,5.268412059514247
2025-05-22 14:00:00,E,78.0,77.20289388282072,0.7971061171792826
2025-05-23 06:00:00,M,75.0,75.06781767843147,-0.06781767843146724
2025-05-23 14:00:00,E,77.0,75.6382097580077,1.3617902419922956
2025-05-24 06:00:00,M,73.0,74.09651289214219,-1.0965128921421865
2025-05-24 14:00:00,E,76.0,74.39834292544778,1.6016570745522216
2025-05-24 22:00:00,N,72.0,72.71878332747748,-0.7187833274774817
2025-05-25 06:00:00,M,70.0,71.80302088605251,-1.8030208860525079
2025-05-25 14:00:00,E,74.0,74.69442827781945,-0.6944282778194548
2025-05-26 06:00:00,M,73.0,73.75057700105688,-0.7505770010568824
2025-05-26 14:00:00,E,72.0,73.61279232398927,-1.612792323989268
2025-05-26 22:00:00,N,73.0,72.5074371640155,0.4925628359845007
2025-05-27 06:00:00,M,76.0,78.0861491102296,-2.0861491102295986
2025-05-27 14:00:00,E,75.0,77.77658859367136,-2.776588593671363
2025-05-28 06:00:00,M,77.0,77.44725437224055,-0.4472543722405504
2025-05-28 14:00:00,E,78.0,77.28899192116049,0.7110080788395123
2025-05-29 06:00:00,M,79.0,76.0546818542763,2.9453181457237037
2025-05-29 14:00:00,E,75.0,74.71650233707481,0.2834976629251855
2025-05-30 06:00:00,M,76.0,75.76967646653165,0.23032353346835066
2025-05-30 14:00:00,E,74.0,73.72393198202198,0.2760680179780195
2025-05-31 06:00:00,M,71.0,74.56754543802855,-3.567545438028546
2025-05-31 14:00:00,E,72.0,75.2191964633423,-3.2191964633423
2025-06-01 06:00:00,M,71.0,67.2904717243166,3.7095282756833967
2025-06-01 14:00:00,E,66.0,68.68628197495192,-2.6862819749519247
2025-06-02 06:00:00,M,72.0,70.1078058981917,1.8921941018083004
2025-06-02 14:00:00,E,74.0,71.37695743371502,2.6230425662849797
2025-06-03 06:00:00,M,73.0,73.21074602220445,-0.2107460222044466
2025-06-03 14:00:00,E,75.0,74.88810819963045,0.11189180036954838
2025-06-04 06:00:00,M,76.0,74.84297809776137,1.1570219022386254
2025-06-04 14:00:00,E,79.0,75.99317574609675,3.006824253903247
2025-06-05 06:00:00,M,73.0,78.57359664746164,-5.573596647461642
2025-06-05 14:00:00,E,78.0,78.2019959816104,-0.2019959816103949
2025-06-06 06:00:00,M,77.0,78.0610400511609,-1.0610400511609015
2025-06-06 14:00:00,E,77.0,76.11133606330337,0.8886639366966307
2025-06-07 06:00:00,M,76.0,76.21359505994923,-0.21359505994922756
2025-06-07 14:00:00,E,78.0,76.73347055566076,1.2665294443392412
2025-06-08 06:00:00,M,73.0,74.37743548282478,-1.3774354828247795
2025-06-08 14:00:00,E,72.0,73.29767844555701,-1.2976784455570112
2025-06-09 06:00:00,M,65.0,75.28102257053412,-10.28102257053412
2025-06-09 14:00:00,E,78.0,78.50813149557547,-0.5081314955754692
2025-06-10 06:00:00,M,74.0,73.27891948608479,0.7210805139152114
2025-06-10 14:00:00,E,74.0,75.74038734984886,-1.7403873498488593
2025-06-11 06:00:00,M,76.0,77.23197617792029,-1.2319761779202878
2025-06-11 14:00:00,E,75.0,75.15938742255692,-0.15938742255691807
2025-06-12 06:00:00,M,70.0,69.88929399713706,0.11070600286294052
2025-06-12 14:00:00,E,77.0,77.14094133626583,-0.1409413362658256
2025-06-13 06:00:00,M,72.0,72.56303190867793,-0.5630319086779281
2025-06-13 14:00:00,E,68.0,70.48403690945311,-2.48403690945311
2025-06-14 06:00:00,M,72.0,72.77140455242362,-0.7714045524236184
2025-06-14 14:00:00,E,76.0,73.83115024533573,2.168849754664265
2025-06-15 06:00:00,M,74.0,71.86894322068335,2.1310567793166513
2025-06-15 14:00:00,E,69.0,69.70176577509696,-0.701765775096959
2025-06-16 06:00:00,M,81.0,77.50621786907334,3.493782130926661
2025-06-16 14:00:00,E,76.0,74.166406396772,1.833593603227996
2025-06-17 06:00:00,M,73.0,72.92776742128443,0.0722325787155711
2025-06-17 14:00:00,E,73.0,72.84659654054614,0.15340345945385536
2025-06-18 06:00:00,M,72.0,73.71826808633601,-1.7182680863360105
2025-06-18 14:00:00,E,73.0,74.04071840377402,-1.0407184037740222
2025-06-19 06:00:00,M,73.0,74.0736643238403,-1.0736643238403047
2025-06-19 14:00:00,E,72.0,73.54166701177913,-1.5416670117791256
2025-06-20 06:00:00,M,73.0,73.8801001988385,-0.8801001988385053
2025-06-20 14:00:00,E,72.0,72.47011520047009,-0.47011520047009014
2025-06-21 06:00:00,M,72.0,72.00928118014497,-0.009281180144967038
2025-06-21 14:00:00,E,74.0,72.4823108740526,1.517689125947399
2025-06-22 06:00:00,M,75.0,73.78307261593065,1.2169273840693506
2025-06-22 14:00:00,E,77.0,74.29718601352927,2.70281398647073
2025-06-23 06:00:00,M,76.0,76.91347362932453,-0.9134736293245282
2025-06-23 14:00:00,E,74.0,75.11716098213886,-1.1171609821388557
2025-06-24 06:00:00,M,78.0,75.93447032115671,2.0655296788432906
2025-06-24 14:00:00,E,76.0,76.03584327950112,-0.03584327950112254
2025-06-25 06:00:00,M,77.0,76.58179586432908,0.4182041356709192
2025-06-25 14:00:00,E,76.0,76.59070329696723,-0.5907032969672343
2025-06-26 06:00:00,M,78.0,76.34563249703453,1.6543675029654707
2025-06-26 14:00:00,E,72.0,69.30035227378382,2.6996477262161847
2025-06-27 06:00:00,M,73.0,71.33417306464833,1.6658269353516744
2025-06-27 14:00:00,E,67.0,68.77209430166144,-1.7720943016614399
2025-06-28 06:00:00,M,71.0,68.36798315589022,2.632016844109785
2025-06-28 14:00:00,E,58.0,68.98776066714525,-10.987760667145253
2025-06-29 06:00:00,M,76.0,74.98962318406312,1.0103768159368798
2025-06-29 14:00:00,E,76.0,75.25776638635156,0.7422336136484375
2025-06-30 06:00:00,M,78.0,76.51329268238855,1.4867073176114474
2025-06-30 14:00:00,E,72.0,75.12319317691788,-3.12319317691788
2025-07-01 06:00:00,M,76.0,75.55084265513774,0.44915734486225745
2025-07-01 14:00:00,E,74.0,75.66885470460437,-1.668854704604371
2025-07-02 06:00:00,M,68.0,68.74054550453708,-0.7405455045370815
2025-07-02 14:00:00,E,67.0,70.68753252122168,-3.6875325212216836
2025-07-03 06:00:00,M,74.0,72.39563919445166,1.604360805548339
2025-07-03 14:00:00,E,70.0,69.05712584505571,0.9428741549442918
2025-07-04 06:00:00,M,68.0,68.3134339681917,-0.31343396819170266
2025-07-04 14:00:00,E,69.0,70.42391220949239,-1.4239122094923857
2025-07-05 06:00:00,M,80.0,75.98375424451883,4.016245755481165
2025-07-05 14:00:00,E,75.0,75.1186649041977,-0.1186649041977006
2025-07-06 06:00:00,M,75.0,75.07954568185647,-0.07954568185647304
2025-07-06 14:00:00,E,76.0,75.14261752542915,0.8573824745708549
2025-07-07 06:00:00,M,75.0,72.01397334512316,2.986026654876838
2025-07-07 14:00:00,E,74.0,74.17692836453898,-0.17692836453898053
2025-07-07 22:00:00,N,73.0,72.48845369872284,0.5115463012771642
2025-07-08 06:00:00,M,73.0,73.83098682244149,-0.8309868224414885
2025-07-08 14:00:00,E,76.0,74.18707361531693,1.8129263846830668
2025-07-09 06:00:00,M,76.0,73.99238393010475,2.007616069895249
2025-07-09 14:00:00,E,78.0,75.14013590245511,2.859864097544886
2025-07-10 06:00:00,M,76.0,75.96145971796757,0.03854028203242876
2025-07-10 14:00:00,E,77.0,76.13776532193607,0.8622346780639276
2025-07-11 06:00:00,M,78.0,77.15939457058668,0.8406054294133156
2025-07-11 14:00:00,E,77.0,76.57265777725208,0.42734222274792444
2025-07-12 06:00:00,M,78.0,78.01585724775659,-0.01585724775658548
2025-07-12 14:00:00,E,78.0,77.51844517066017,0.48155482933982796
2025-07-13 06:00:00,M,73.0,72.71618417502597,0.28381582497402746
2025-07-13 14:00:00,E,74.0,72.73651729038573,1.2634827096142658
2025-07-14 06:00:00,M,73.0,72.8188149623997,0.1811850376003008
2025-07-14 14:00:00,E,76.0,76.56003096207424,-0.5600309620742365
2025-07-15 06:00:00,M,73.0,76.10849891184533,-3.108498911845331
2025-07-15 14:00:00,E,75.0,73.88963685878804,1.1103631412119626
2025-07-16 06:00:00,M,74.0,74.11713047327197,-0.11713047327197046
2025-07-16 14:00:00,E,76.0,75.36532151463206,0.6346784853679424
2025-07-17 06:00:00,M,76.0,75.31217785572028,0.6878221442797212
2025-07-17 14:00:00,E,72.0,75.03179320896854,-3.031793208968537
2025-07-18 06:00:00,M,75.0,74.36946877445627,0.6305312255437343
2025-07-18 14:00:00,E,74.0,72.06594768738255,1.9340523126174531
2025-07-19 06:00:00,M,72.0,72.04307118968278,-0.043071189682777344
2025-07-19 14:00:00,E,73.0,74.51125357858392,-1.5112535785839185
2025-07-20 06:00:00,M,74.0,75.92786700113517,-1.9278670011351693
2025-07-20 14:00:00,E,76.0,75.40941766153261,0.5905823384673852
2025-07-21 06:00:00,M,75.0,75.21640129693577,-0.21640129693577137
2025-07-21 14:00:00,E,72.0,76.96687396106633,-4.966873961066327
2025-07-22 06:00:00,M,64.0,78.99520038293579,-14.995200382935792
2025-07-22 14:00:00,E,70.0,77.95765633789617,-7.957656337896168
2025-07-23 06:00:00,M,72.0,77.61594785887074,-5.61594785887074
2025-07-23 14:00:00,E,75.0,78.59171801321779,-3.591718013217786
2025-07-24 06:00:00,M,73.0,79.16634327404462,-6.166343274044621
2025-07-24 14:00:00,E,77.0,75.4824703334112,1.5175296665887998
2025-07-25 06:00:00,M,73.0,73.48835947964865,-0.48835947964865056
2025-07-25 14:00:00,E,75.0,73.27825938186808,1.7217406181319177
2025-07-26 06:00:00,M,74.0,72.50035595837147,1.4996440416285282
2025-07-26 14:00:00,E,75.0,74.10708553536199,0.8929144646380109
2025-07-27 06:00:00,M,71.0,73.17237729760393,-2.17237729760393
2025-07-27 14:00:00,E,70.0,74.53068728215788,-4.530687282157885
2025-07-28 06:00:00,M,74.0,78.58910779005835,-4.58910779005835
2025-07-28 14:00:00,E,74.0,78.31650788310226,-4.316507883102261
2025-07-29 06:00:00,M,78.0,76.76802883420807,1.2319711657919328
2025-07-29 14:00:00,E,77.0,79.28917490375652,-2.2891749037565177
2025-07-30 06:00:00,M,76.0,79.89683368652409,-3.89683368652409
2025-07-30 14:00:00,E,78.0,76.06888163274145,1.9311183672585486
2025-07-31 06:00:00,M,73.0,75.51150779140004,-2.511507791400035
2025-07-31 14:00:00,E,76.0,75.52771826893309,0.4722817310669143
2025-08-01 06:00:00,M,75.0,76.42134249105602,-1.4213424910560235
2025-08-01 14:00:00,E,85.0,79.34251521075379,5.657484789246212
2025-08-02 06:00:00,M,82.0,79.9011584088654,2.098841591134601
2025-08-02 14:00:00,E,81.0,79.87584415122386,1.124155848776141
2025-08-03 06:00:00,M,80.0,80.4930409676133,-0.49304096761329674
2025-08-03 14:00:00,E,84.0,80.82389159948941,3.1761084005105857
2025-08-04 06:00:00,M,78.0,76.49743821838378,1.5025617816162224
2025-08-04 14:00:00,E,79.0,77.24385943143803,1.7561405685619746
2025-08-05 06:00:00,M,80.0,78.80475495786655,1.1952450421334504
2025-08-05 14:00:00,E,79.0,79.28375541338585,-0.28375541338584753
2025-08-06 06:00:00,M,74.0,75.90397190752049,-1.9039719075204857
2025-08-06 14:00:00,E,71.0,70.77779495748496,0.2222050425150428
2025-08-07 06:00:00,M,70.0,73.61264389894355,-3.6126438989435457
2025-08-07 14:00:00,E,71.0,74.44828074951182,-3.4482807495118237
2025-08-08 06:00:00,M,76.0,75.62209774385617,0.3779022561438268
2025-08-08 14:00:00,E,79.0,78.29495776938867,0.7050422306113262
2025-08-09 06:00:00,M,78.0,77.32469609725973,0.6753039027402679
2025-08-09 14:00:00,E,75.0,76.77916346739386,-1.7791634673938574
2025-08-10 06:00:00,M,78.0,78.40572446805277,-0.4057244680527674
2025-08-10 14:00:00,E,80.0,79.5346082349597,0.46539176504029456
2025-08-11 06:00:00,M,77.0,78.61017016056546,-1.6101701605654597
2025-08-11 14:00:00,E,77.0,76.4819176387937,0.5180823612062966
2025-08-12 06:00:00,M,78.0,77.67496804242349,0.32503195757651326
2025-08-12 14:00:00,E,76.0,78.75872582744327,-2.7587258274432713
2025-08-13 06:00:00,M,79.0,77.80756735590181,1.19243264409819
2025-08-13 14:00:00,E,84.0,78.07179150264346,5.928208497356536
2025-08-14 06:00:00,M,76.0,78.34113265810785,-2.3411326581078526
2025-08-14 14:00:00,E,84.0,78.65033509830002,5.349664901699981
2025-08-15 14:00:00,E,80.0,79.61170683679897,0.3882931632010269
2025-08-16 06:00:00,M,84.0,79.1392594947805,4.860740505219496
2025-08-16 14:00:00,E,77.0,77.0759452749486,-0.07594527494859449
2025-08-17 06:00:00,M,76.0,75.83164626093446,0.1683537390655374
2025-08-17 14:00:00,E,84.0,78.85257535295933,5.1474246470406655
2025-08-18 06:00:00,M,76.0,76.52693127689768,-0.5269312768976846
2025-08-18 14:00:00,E,74.0,77.0302588614529,-3.030258861452893
2025-08-19 06:00:00,M,84.0,79.2571174851501,4.742882514849896
2025-08-19 14:00:00,E,75.0,77.9936377817318,-2.993637781731806
2025-08-20 06:00:00,M,77.0,76.67789841414724,0.3221015858527636
2025-08-20 14:00:00,E,75.0,73.2744083965638,1.7255916034362002
2025-08-21 06:00:00,M,78.0,79.68726848675051,-1.6872684867505114
2025-08-21 14:00:00,E,77.0,77.95665623739335,-0.9566562373933465
2025-08-22 06:00:00,M,79.0,78.1845971548667,0.8154028451333062
2025-08-22 14:00:00,E,74.0,76.18309613389275,-2.1830961338927466
2025-08-23 06:00:00,M,85.0,82.40087157148032,2.599128428519677
2025-08-23 14:00:00,E,78.0,80.40928120683421,-2.4092812068342084
2025-08-24 06:00:00,M,80.0,78.36749656640177,1.632503433598231
2025-08-24 14:00:00,E,83.0,78.76770508268703,4.23229491731297
2025-08-25 06:00:00,M,76.0,77.24765439950069,-1.2476543995006892
2025-08-25 14:00:00,E,78.0,75.97590197565107,2.0240980243489304
2025-08-26 06:00:00,M,78.0,75.10848129592547,2.891518704074528
2025-08-26 14:00:00,E,75.0,73.83174738520984,1.1682526147901626
2025-08-27 06:00:00,M,77.0,76.56986042325384,0.4301395767461571
2025-08-27 14:00:00,E,84.0,77.26492357897578,6.7350764210242176
2025-08-28 06:00:00,M,76.0,74.95395718895537,1.0460428110446287
2025-08-28 14:00:00,E,76.0,75.7353149527687,0.26468504723129627
2025-08-29 06:00:00,M,80.0,77.37503392482624,2.6249660751737594
2025-08-29 14:00:00,E,84.0,81.15831451925973,2.841685480740267
2025-08-30 06:00:00,M,76.0,80.14027464676461,-4.14027464676461
2025-08-30 14:00:00,E,78.0,79.43033634078952,-1.4303363407895233
2025-08-31 06:00:00,M,84.0,80.28272620412167,3.7172737958783273
2025-08-31 14:00:00,E,80.0,80.29114204474689,-0.2911420447468913
2025-09-01 06:00:00,M,81.0,80.55328552114312,0.446714478856876
2025-09-01 14:00:00,E,74.0,75.58299264249008,-1.5829926424900833
2025-09-02 06:00:00,M,74.0,75.53075476740545,-1.5307547674054547
2025-09-02 14:00:00,E,75.0,76.38417620421042,-1.3841762042104193
2025-09-03 06:00:00,M,77.0,77.71340657068433,-0.7134065706843273
2025-09-03 14:00:00,E,78.0,76.69704675875646,1.302953241243543
2025-09-04 06:00:00,M,75.0,76.04857715173364,-1.0485771517336389
2025-09-04 14:00:00,E,74.0,74.85916651992851,-0.8591665199285075
2025-09-05 06:00:00,M,82.0,79.44505072072874,2.5549492792712556
2025-09-05 14:00:00,E,83.0,82.64452381994717,0.35547618005283255
2025-09-06 06:00:00,M,79.0,80.17127951560178,-1.171279515601782
2025-09-06 14:00:00,E,80.0,76.96093866523067,3.039061334769329
2025-09-07 06:00:00,M,75.0,76.31633324589869,-1.31633324589869
2025-09-07 14:00:00,E,76.0,74.89350097527617,1.1064990247238313
2025-09-08 06:00:00,M,80.0,76.17297012963839,3.8270298703616135
2025-09-08 14:00:00,E,75.0,75.05021139515479,-0.050211395154789784
2025-09-09 06:00:00,M,76.0,76.39007919270117,-0.3900791927011653
2025-09-09 14:00:00,E,75.0,75.85698179050696,-0.8569817905069641
2025-09-10 06:00:00,M,77.0,77.16634215335124,-0.1663421533512377
2025-09-10 14:00:00,E,78.0,78.36697642667336,-0.36697642667336083
2025-09-11 06:00:00,M,78.0,79.6081635095057,-1.608163509505701
2025-09-11 14:00:00,E,78.0,78.5129242764437,-0.5129242764436981
2025-09-12 06:00:00,M,82.0,79.89113116309812,2.108868836901877
2025-09-12 14:00:00,E,78.0,80.10436813088906,-2.104368130889057
2025-09-13 06:00:00,M,83.0,79.33028786281784,3.6697121371821595
2025-09-13 14:00:00,E,75.0,75.82401554513002,-0.824015545130024
2025-09-14 06:00:00,M,73.0,74.87055324941231,-1.8705532494123105
2025-09-14 14:00:00,E,76.0,76.21243573745718,-0.21243573745718436
2025-09-15 06:00:00,M,78.0,77.77484860615851,0.22515139384148597
2025-09-15 14:00:00,E,79.0,75.72610554542818,3.273894454571817
2025-09-16 06:00:00,M,76.0,76.1252641110525,-0.1252641110525019
2025-09-16 14:00:00,E,75.0,75.79199901654279,-0.791999016542789
2025-09-17 06:00:00,M,79.0,80.32334870014198,-1.3233487001419775
2025-09-17 14:00:00,E,84.0,82.11709052121917,1.8829094787808316
2025-09-18 06:00:00,M,80.0,78.44236642118051,1.557633578819491
2025-09-18 14:00:00,E,82.0,78.02672606079285,3.9732739392071466
2025-09-19 06:00:00,M,80.0,78.81132196987674,1.1886780301232562
2025-09-19 14:00:00,E,72.0,74.80637617005661,-2.806376170056609
2025-09-20 06:00:00,M,78.0,76.43390567109779,1.56609432890221
2025-09-20 14:00:00,E,77.0,77.79616608994282,-0.7961660899428153
2025-09-21 06:00:00,M,76.0,77.47056438622106,-1.4705643862210565
2025-09-21 14:00:00,E,76.0,77.15544641100367,-1.1554464110036662
2025-09-22 06:00:00,M,80.0,78.37310468312106,1.6268953168789437
2025-09-22 14:00:00,E,78.0,79.12208330246526,-1.1220833024652563
2025-09-23 06:00:00,M,80.0,81.04206258891077,-1.0420625889107669
2025-09-23 14:00:00,E,79.0,79.99621775970546,-0.9962177597054591
2025-09-24 06:00:00,M,78.0,78.78966327630005,-0.7896632763000468
2025-09-24 14:00:00,E,78.0,79.29960252668732,-1.2996025266873232
2025-09-25 06:00:00,M,80.0,81.56307908400746,-1.5630790840074553
2025-09-25 14:00:00,E,78.0,78.3113697978261,-0.31136979782610297
2025-09-26 06:00:00,M,79.0,76.38852978279563,2.6114702172043707
2025-09-26 14:00:00,E,75.0,76.52143216712314,-1.5214321671231374
2025-09-27 06:00:00,M,78.0,76.50782924356197,1.4921707564380284
2025-09-27 14:00:00,E,76.0,77.2120472590456,-1.2120472590456046
2025-09-28 06:00:00,M,78.0,78.25197113876014,-0.25197113876014043
2025-09-28 14:00:00,E,79.0,78.76089669572892,0.23910330427108306
2025-09-29 06:00:00,M,83.0,80.45673582264732,2.5432641773526825
2025-09-29 14:00:00,E,82.0,80.25845295393326,1.7415470460667422
2025-09-30 06:00:00,M,83.0,80.8255001771156,2.1744998228843997
2025-09-30 14:00:00,E,83.0,80.54974431149729,2.4502556885027076
2025-10-01 06:00:00,M,82.0,80.83485038455896,1.1651496154410381
2025-10-01 14:00:00,E,78.0,78.1490818576704,-0.14908185767039583
2025-10-02 06:00:00,M,78.0,78.75636276912147,-0.7563627691214663
2025-10-02 14:00:00,E,78.0,79.66374575609004,-1.6637457560900373
2025-10-03 06:00:00,M,80.0,79.33676311111105,0.6632368888889459
2025-10-03 14:00:00,E,82.0,79.48157641716297,2.5184235828370305
2025-10-04 06:00:00,M,78.0,78.76401460387582,-0.7640146038758218
2025-10-04 14:00:00,E,81.0,79.18666877540231,1.8133312245976896
2025-10-05 06:00:00,M,90.0,84.93342501603846,5.066574983961544
2025-10-05 14:00:00,E,85.0,82.31741958001794,2.6825804199820595
2025-10-06 06:00:00,M,84.0,83.35905974112859,0.6409402588714102
2025-10-06 14:00:00,E,86.0,82.14192292492791,3.8580770750720887
2025-10-07 06:00:00,M,86.0,83.60791643910068,2.392083560899323
2025-10-07 14:00:00,E,77.0,77.85504653425104,-0.8550465342510449
2025-10-08 06:00:00,M,81.0,76.92107081279174,4.07892918720826
2025-10-08 14:00:00,E,81.0,77.02773541597705,3.972264584022952
2025-10-09 06:00:00,M,76.0,76.86092852100371,-0.8609285210037143
2025-10-09 14:00:00,E,79.0,77.53348761297762,1.4665123870223766
2025-10-10 06:00:00,M,78.0,78.51591737221071,-0.5159173722107084
2025-10-10 14:00:00,E,77.0,79.59734262578125,-2.597342625781252
2025-10-11 06:00:00,M,86.0,80.43828409517477,5.561715904825235
2025-10-11 14:00:00,E,83.0,82.2109416879674,0.7890583120325942
2025-10-12 06:00:00,M,86.0,83.9523890461276,2.0476109538723932
2025-10-12 14:00:00,E,82.0,83.34720627346,-1.347206273460003
2025-10-13 06:00:00,M,78.0,82.61032243161324,-4.610322431613241
2025-10-13 14:00:00,E,79.0,77.80462138236368,1.1953786176363224
2025-10-14 06:00:00,M,78.0,78.87879176931513,-0.8787917693151286
2025-10-14 14:00:00,E,79.0,80.13262767630071,-1.1326276763007144
2025-10-15 06:00:00,M,83.0,80.00118790573345,2.9988120942665546
2025-10-15 14:00:00,E,80.0,79.72742243454672,0.2725775654532754
2025-10-16 06:00:00,M,88.0,81.44119191516567,6.558808084834325
2025-10-16 14:00:00,E,80.0,81.40208286998343,-1.4020828699834311
2025-10-17 06:00:00,M,83.0,81.02400453380852,1.9759954661914776
2025-10-17 14:00:00,E,81.0,79.5056391572333,1.494360842766696
2025-10-18 06:00:00,M,82.0,81.11054292167742,0.8894570783225788
2025-10-18 14:00:00,E,80.0,79.13799540828785,0.8620045917121502
2025-10-19 06:00:00,M,78.0,77.55472311252102,0.44527688747898253
2025-10-19 14:00:00,E,79.0,77.54638896857001,1.4536110314299862
2025-10-20 06:00:00,M,79.0,80.69477837787187,-1.6947783778718701
2025-10-20 14:00:00,E,86.0,82.25736550480646,3.742634495193542
2025-10-21 06:00:00,M,82.0,82.86492660491814,-0.8649266049181392
2025-10-21 14:00:00,E,83.0,81.64548381785822,1.3545161821417793
2025-10-22 06:00:00,M,77.0,78.44649158843863,-1.446491588438633
2025-10-22 14:00:00,E,77.0,77.52585943943758,-0.525859439437582
2025-10-23 06:00:00,M,76.0,75.72143220720658,0.2785677927934245
2025-10-23 14:00:00,E,76.0,76.53168920684965,-0.5316892068496486
2025-10-24 06:00:00,M,77.0,77.65690438811424,-0.656904388114242
2025-10-24 14:00:00,E,78.0,76.7956952064807,1.2043047935192988
2025-10-25 06:00:00,M,82.0,77.28520105207474,4.71479894792526
2025-10-25 14:00:00,E,80.0,78.63972857105568,1.3602714289443156
2025-10-26 06:00:00,M,77.0,78.09400249363347,-1.094002493633468
2025-10-26 14:00:00,E,80.0,79.13826408183496,0.8617359181650386
2025-10-27 06:00:00,M,80.0,79.3455555959542,0.6544444040458046
2025-10-27 14:00:00,E,79.0,79.42638005273034,-0.4263800527303374
2025-10-28 06:00:00,M,78.0,79.72937746016783,-1.7293774601678251
2025-10-28 14:00:00,E,90.0,80.2197781461754,9.7802218538246
2025-10-29 06:00:00,M,83.0,78.70749172580499,4.292508274195015
2025-10-29 14:00:00,E,78.0,78.06771066274919,-0.06771066274919235
2025-10-30 06:00:00,M,79.0,77.35219463488724,1.6478053651127595
2025-10-30 14:00:00,E,78.0,76.95421760351027,1.0457823964897273
2025-10-31 06:00:00,M,82.0,75.83322914581753,6.166770854182474
2025-10-31 14:00:00,E,77.0,77.05622399773775,-0.05622399773774589
2025-11-01 06:00:00,M,89.0,74.02350065036283,14.976499349637166
2025-11-01 14:00:00,E,85.0,75.38450746152881,9.615492538471187
2025-11-02 06:00:00,M,76.0,74.63115762641299,1.3688423735870145
2025-11-02 14:00:00,E,76.0,74.5730641812353,1.4269358187647043
2025-11-03 14:00:00,E,81.0,75.24352278872473,5.756477211275268
2025-11-03 22:00:00,N,76.0,74.88567105173013,1.114328948269872
2025-11-04 06:00:00,M,79.0,74.75624051802848,4.243759481971523
2025-11-04 14:00:00,E,77.0,75.87979415296404,1.1202058470359617
2025-11-05 06:00:00,M,76.0,75.9567751581237,0.04322484187629527
2025-11-05 14:00:00,E,83.0,75.44310720313135,7.556892796868652
2025-11-06 06:00:00,M,81.0,76.2843010788691,4.715698921130894
2025-11-06 14:00:00,E,85.0,76.03338763846052,8.966612361539475
2025-11-07 06:00:00,M,80.0,75.79704739238217,4.202952607617831
2025-11-07 14:00:00,E,72.0,74.04984354786943,-2.049843547869429
2025-11-08 06:00:00,M,76.0,72.766014904875,3.233985095125007
2025-11-08 14:00:00,E,80.0,74.27940802394474,5.72059197605526
2025-11-09 06:00:00,M,76.0,73.15694787645417,2.8430521235458315
2025-11-09 14:00:00,E,80.0,73.45142578969791,6.5485742103020925
2025-11-10 06:00:00,M,75.0,71.99082474008583,3.009175259914173
2025-11-10 14:00:00,E,73.0,73.77061946421325,-0.7706194642132544
2025-11-11 06:00:00,M,74.0,74.48810666920923,-0.4881066692092304
2025-11-11 14:00:00,E,76.0,75.7533124684951,0.24668753150490375
2025-11-12 06:00:00,M,77.0,77.5118043418133,-0.5118043418133027
2025-11-12 14:00:00,E,77.0,77.2690361920777,-0.26903619207770646
2025-11-13 06:00:00,M,76.0,76.89845697229703,-0.8984569722970264
2025-11-13 14:00:00,E,77.0,75.31026034389602,1.6897396561039812
2025-11-14 06:00:00,M,74.0,75.44683196142488,-1.446831961424877
2025-11-14 14:00:00,E,73.0,74.56843311297723,-1.5684331129772318
2025-11-15 06:00:00,M,73.0,74.35607554406126,-1.3560755440612553
2025-11-15 14:00:00,E,75.0,75.23234570460014,-0.23234570460013515
2025-11-16 06:00:00,M,73.0,75.01417580624074,-2.0141758062407433
2025-11-16 14:00:00,E,73.0,74.91554897280874,-1.915548972808736
2025-11-17 06:00:00,M,73.0,74.04035174153184,-1.0403517415318362
2025-11-17 14:00:00,E,73.0,75.54624364470318,-2.546243644703182
2025-11-18 06:00:00,M,76.0,76.57786070765879,-0.577860707658786
2025-11-18 14:00:00,E,78.0,74.93201692121704,3.0679830787829587
2025-11-19 06:00:00,M,76.0,77.05636739867822,-1.0563673986782192
2025-11-19 14:00:00,E,75.0,74.2961054909589,0.7038945090411062
2025-11-20 06:00:00,M,74.0,74.34634894683612,-0.34634894683611606
2025-11-20 14:00:00,E,70.0,71.59056086096977,-1.5905608609697737
2025-11-21 06:00:00,M,71.0,71.27950441696561,-0.279504416965608
2025-11-21 14:00:00,E,68.0,71.43907167197675,-3.4390716719767482
2025-11-22 06:00:00,M,69.0,72.51003435382435,-3.510034353824352
2025-11-22 14:00:00,E,70.0,72.27768411789222,-2.277684117892221
2025-11-23 06:00:00,M,71.0,73.72687101339852,-2.7268710133985223
2025-11-23 14:00:00,E,70.0,73.05197897833675,-3.0519789783367486
2025-11-24 06:00:00,M,72.0,73.28905427379993,-1.289054273799934
2025-11-24 14:00:00,E,70.0,71.21042988652145,-1.2104298865214531
2025-11-25 06:00:00,M,72.0,71.6904831990702,0.3095168009297993
2025-11-25 14:00:00,E,67.0,72.59131808827411,-5.591318088274107
2025-11-26 06:00:00,M,72.0,73.47303214408869,-1.473032144088691
2025-11-26 14:00:00,E,69.0,68.38366549807917,0.6163345019208322
2025-11-27 06:00:00,M,72.0,71.07030146798384,0.929698532016161
2025-11-27 14:00:00,E,74.0,72.95671150076708,1.043288499232915
2025-11-28 06:00:00,M,67.0,70.41558289429769,-3.4155828942976854
2025-11-28 14:00:00,E,69.0,73.22823833717177,-4.228238337171774
2025-11-29 06:00:00,M,70.0,71.89685621151727,-1.8968562115172745
2025-11-29 14:00:00,E,72.0,72.4574220931531,-0.4574220931530988
2025-11-30 06:00:00,M,73.0,74.25885726744139,-1.2588572674413854
2025-11-30 14:00:00,E,70.0,74.1419956067564,-4.141995606756396
2025-12-01 06:00:00,M,71.0,72.18494629724383,-1.184946297243826
2025-12-01 14:00:00,E,71.0,72.3135268565404,-1.3135268565404061
2025-12-02 06:00:00,M,70.0,71.05045928526467,-1.0504592852646653
2025-12-02 14:00:00,E,70.0,73.88216340870352,-3.8821634087035193
2025-12-03 06:00:00,M,75.0,73.18399381703537,1.8160061829646281
2025-12-03 14:00:00,E,74.0,73.61163218011667,0.388367819883328
2025-12-04 06:00:00,M,68.0,75.2583555806102,-7.2583555806102
2025-12-04 14:00:00,E,70.0,75.65959784584348,-5.659597845843479
2025-12-05 06:00:00,M,78.0,77.07070058901685,0.9292994109831483
2025-12-05 14:00:00,E,77.0,81.67068894476247,-4.670688944762475
2025-12-06 06:00:00,M,80.0,81.96166461642689,-1.9616646164268872
2025-12-06 14:00:00,E,80.0,80.99610909975517,-0.9961090997551736
2025-12-07 06:00:00,M,78.0,79.83121860117777,-1.831218601177767
2025-12-07 14:00:00,E,78.0,79.01459049870489,-1.0145904987048908
2025-12-08 06:00:00,M,82.0,80.81290595317475,1.1870940468252513
2025-12-08 14:00:00,E,80.0,78.51979208731566,1.4802079126843353
2025-12-09 06:00:00,M,79.0,78.51539351621335,0.4846064837866493
2025-12-09 14:00:00,E,72.0,70.79401920164003,1.205980798359974
2025-12-10 06:00:00,M,67.0,71.99903683314761,-4.999036833147613
2025-12-10 14:00:00,E,75.0,73.32198124541623,1.6780187545837748
2025-12-11 06:00:00,M,73.0,74.09598135433505,-1.095981354335052
2025-12-11 14:00:00,E,73.0,74.16797561657333,-1.1679756165733295
2025-12-12 06:00:00,M,76.0,75.42172161570632,0.5782783842936823
2025-12-12 14:00:00,E,73.0,74.15406458372554,-1.1540645837255425
2025-12-13 06:00:00,M,77.0,75.01168204113769,1.9883179588623108
2025-12-13 14:00:00,E,73.0,76.44667899770931,-3.446678997709313
2025-12-14 06:00:00,M,77.0,77.2676439412071,-0.26764394120709767
2025-12-14 14:00:00,E,71.0,72.52305160903462,-1.5230516090346242
2025-12-15 06:00:00,M,72.0,73.07005364147122,-1.070053641471219
2025-12-15 14:00:00,E,76.0,74.31931246825131,1.6806875317486885
2025-12-16 06:00:00,M,76.0,76.1849950757406,-0.18499507574060203
2025-12-16 14:00:00,E,77.0,81.7926104835463,-4.792610483546298
2025-12-17 06:00:00,M,84.0,82.98257976084673,1.0174202391532674
2025-12-17 14:00:00,E,82.0,82.92456690887255,-0.9245669088725492
2025-12-18 06:00:00,M,84.0,80.11194761374188,3.888052386258124
2025-12-18 14:00:00,E,76.0,79.60476156823204,-3.6047615682320355
2025-12-19 06:00:00,M,82.0,82.82280647698119,-0.8228064769811851
2025-12-19 14:00:00,E,82.0,82.38568294682203,-0.38568294682202975
2025-12-20 06:00:00,M,84.0,83.29189506499041,0.7081049350095867
2025-12-20 14:00:00,E,79.0,77.93614145660021,1.063858543399789
2025-12-21 06:00:00,M,74.0,80.23276521823647,-6.232765218236466
2025-12-21 14:00:00,E,81.0,82.74453767037453,-1.7445376703745268
2025-12-22 06:00:00,M,83.0,81.36259942028964,1.6374005797103592
2025-12-22 14:00:00,E,82.0,82.7193467694721,-0.7193467694720965
2025-12-23 06:00:00,M,85.0,82.79245738750008,2.207542612499921
2025-12-23 14:00:00,E,83.0,83.00318634721404,-0.0031863472140400972
2025-12-24 06:00:00,M,90.0,86.84692630346356,3.1530736965364383
2025-12-24 14:00:00,E,85.0,84.20348660553132,0.7965133944686755
2025-12-25 06:00:00,M,79.0,83.51748081569949,-4.517480815699486
2025-12-25 14:00:00,E,84.0,83.21399908005957,0.7860009199404345
2025-12-26 06:00:00,M,87.0,84.10316095277746,2.8968390472225423
2025-12-26 14:00:00,E,90.0,84.49564563958461,5.504354360415391
2025-12-27 06:00:00,M,82.0,81.85251852855289,0.147481471447108
2025-12-27 14:00:00,E,87.0,83.22594014918751,3.774059850812492
2025-12-28 06:00:00,M,82.0,83.24153837530673,-1.2415383753067317
2025-12-28 14:00:00,E,87.0,83.72599774042467,3.274002259575326
2025-12-29 06:00:00,M,85.0,81.80701575978024,3.192984240219758
2025-12-29 14:00:00,E,79.0,80.49448310306434,-1.49448310306434
2025-12-30 06:00:00,M,78.0,77.45338611086727,0.546613889132729
2025-12-30 14:00:00,E,82.0,81.99688106349416,0.0031189365058423846
2025-12-31 06:00:00,M,82.0,83.23082976793383,-1.2308297679338267
2025-12-31 14:00:00,E,85.0,82.60273279289798,2.3972672071020185
2026-01-01 06:00:00,M,85.0,80.33179772684416,4.668202273155842
2026-01-01 14:00:00,E,80.0,80.019537623713,-0.01953762371300627
2026-01-02 06:00:00,M,80.0,80.1323811078197,-0.1323811078196968
2026-01-02 14:00:00,E,82.0,82.72800553782824,-0.7280055378282384
2026-01-03 06:00:00,M,75.0,76.79768062385045,-1.7976806238504537
2026-01-03 14:00:00,E,78.0,76.87183876000924,1.1281612399907601
2026-01-04 06:00:00,M,74.0,74.91274626042122,-0.9127462604212155
2026-01-04 14:00:00,E,77.0,74.59639880735514,2.4036011926448566
2026-01-05 06:00:00,M,73.0,74.10052920716002,-1.1005292071600223
2026-01-05 14:00:00,E,72.0,73.29063673357543,-1.2906367335754254
2026-01-06 06:00:00,M,87.0,80.20336879759066,6.796631202409344
2026-01-06 14:00:00,E,78.0,79.33125224011577,-1.3312522401157736
2026-01-07 06:00:00,M,79.0,79.61761648249568,-0.6176164824956771
2026-01-07 14:00:00,E,76.0,79.54620028177519,-3.546200281775185
2026-01-08 06:00:00,M,80.0,80.04763466158289,-0.0476346615828902
2026-01-08 14:00:00,E,78.0,79.93212853389167,-1.932128533891671
2026-01-09 06:00:00,M,82.0,71.19856147215985,10.801438527840148
2026-01-09 14:00:00,E,70.0,72.4435038764681,-2.4435038764680996
2026-01-10 06:00:00,M,76.0,77.02399688128102,-1.0239968812810218
2026-01-10 14:00:00,E,77.0,74.83907326082682,2.1609267391731777
2026-01-11 06:00:00,M,76.0,74.73347562082841,1.2665243791715852
2026-01-11 14:00:00,E,76.0,73.31182412570126,2.688175874298736
2026-01-12 06:00:00,M,73.0,73.44314657575121,-0.4431465757512143
2026-01-12 14:00:00,E,74.0,74.88240862204796,-0.8824086220479614
2026-01-13 06:00:00,M,85.0,78.45271820388483,6.547281796115172
2026-01-13 14:00:00,E,76.0,76.92054498808488,-0.9205449880848846
2026-01-14 06:00:00,M,75.0,76.10976855635217,-1.109768556352165
2026-01-14 14:00:00,E,75.0,74.80578672161072,0.19421327838928448
2026-01-15 06:00:00,M,72.0,73.18361341491563,-1.1836134149156265
2026-01-15 14:00:00,E,79.0,76.58315184204567,2.416848157954334
2026-01-16 06:00:00,M,75.0,74.70963165363064,0.2903683463693625
2026-01-16 14:00:00,E,81.0,79.10270011329017,1.8972998867098312
2026-01-17 06:00:00,M,73.0,75.83960962491985,-2.839609624919845
2026-01-17 14:00:00,E,74.0,77.11602979031026,-3.1160297903102645
2026-01-18 06:00:00,M,73.0,75.86300885730694,-2.863008857306937
2026-01-18 14:00:00,E,70.0,73.01532893235269,-3.0153289323526877
2026-01-19 06:00:00,M,74.0,75.71369500528401,-1.7136950052840092
2026-01-19 14:00:00,E,75.0,78.94786348016396,-3.94786348016396
2026-01-20 06:00:00,M,84.0,82.8035423736767,1.1964576263232942
2026-01-20 14:00:00,E,82.0,83.6359757915101,-1.6359757915101056
2026-01-21 06:00:00,M,88.0,84.20785152821655,3.792148471783449
2026-01-21 14:00:00,E,83.0,82.44218200834558,0.5578179916544173
2026-01-22 06:00:00,M,81.0,82.71474970068485,-1.7147497006848482
2026-01-22 14:00:00,E,76.0,78.77779505401692,-2.77779505401692
2026-01-23 06:00:00,M,82.0,80.79240582240439,1.2075941775956096
2026-01-23 14:00:00,E,77.0,80.02462143855414,-3.024621438554135
2026-01-24 06:00:00,M,81.0,79.92300229181158,1.076997708188415
2026-01-24 14:00:00,E,78.0,79.99884682268278,-1.9988468226827791
2026-01-25 06:00:00,M,86.0,81.8872158736068,4.112784126393194
2026-01-25 14:00:00,E,86.0,83.2373898780518,2.7626101219481995
2026-01-26 06:00:00,M,83.0,84.53883316119321,-1.5388331611932102
2026-01-26 14:00:00,E,84.0,84.97119432874482,-0.971194328744815
2026-01-26 22:00:00,N,81.0,84.41987766610632,-3.4198776661063164
2026-01-27 06:00:00,M,86.0,84.12900288585747,1.8709971141425257
2026-01-27 14:00:00,E,87.0,85.58002187693803,1.4199781230619664
2026-01-28 06:00:00,M,89.0,87.26299162404604,1.7370083759539625
2026-01-28 14:00:00,E,85.0,83.43646311031108,1.563536889688919
2026-01-29 06:00:00,M,82.0,81.62091649573708,0.3790835042629226
2026-01-29 14:00:00,E,80.0,82.84739849059328,-2.847398490593278
2026-01-30 06:00:00,M,84.0,82.26626296482686,1.7337370351731352
2026-01-30 14:00:00,E,83.0,82.14235623797904,0.857643762020956
2026-01-31 06:00:00,M,81.0,82.88641466913397,-1.8864146691339698
2026-01-31 14:00:00,E,83.0,82.07365206001987,0.9263479399801327
2026-02-01 06:00:00,M,84.0,83.49412718226434,0.5058728177356642
2026-02-01 14:00:00,E,86.0,83.2995240247275,2.7004759752724965
2026-02-02 06:00:00,M,82.0,82.13932839413953,-0.13932839413952536
2026-02-02 14:00:00,E,82.0,81.55384078626214,0.4461592137378574
2026-02-03 06:00:00,M,86.0,82.74450203197092,3.2554979680290757
2026-02-03 14:00:00,E,83.0,82.53021419849122,0.46978580150877747
2026-02-04 06:00:00,M,84.0,84.27301374696081,-0.2730137469608138
2026-02-04 14:00:00,E,84.0,83.34314397828659,0.6568560217134092
2026-02-05 06:00:00,M,83.0,82.97772794343416,0.022272056565839193
2026-02-05 14:00:00,E,79.0,82.63792091761917,-3.6379209176191694
2026-02-06 06:00:00,M,85.0,85.25287037762939,-0.25287037762939235
2026-02-06 14:00:00,E,88.0,86.30357276849837,1.6964272315016302
2026-02-07 06:00:00,M,89.0,84.8179162321022,4.182083767897794
2026-02-07 14:00:00,E,88.0,86.77808133741549,1.221918662584514
2026-02-08 06:00:00,M,77.0,78.23598531278532,-1.235985312785317
2026-02-08 14:00:00,E,78.0,77.80111510253042,0.1988848974695827
2026-02-09 06:00:00,M,80.0,78.15374723059848,1.8462527694015165
2026-02-09 14:00:00,E,80.0,81.35276066396969,-1.3527606639696899
2026-02-10 06:00:00,M,83.0,82.13523271200248,0.8647672879975232
2026-02-10 14:00:00,E,78.0,80.43063676601982,-2.4306367660198163
2026-02-11 06:00:00,M,81.0,81.34888347965372,-0.3488834796537219
2026-02-11 14:00:00,E,77.0,80.62182178160032,-3.6218217816003175
2026-02-12 06:00:00,M,79.0,81.035406388094,-2.035406388094003
2026-02-12 14:00:00,E,80.0,81.603825958142,-1.6038259581419965
2026-02-13 06:00:00,M,82.0,81.3562630025266,0.6437369974733969
2026-02-13 14:00:00,E,80.0,82.8973421357815,-2.8973421357815
2026-02-14 06:00:00,M,80.0,82.49583513358722,-2.495835133587221
2026-02-14 14:00:00,E,82.0,81.41899920474916,0.5810007952508442
2026-02-15 06:00:00,M,81.0,80.09850653565316,0.9014934643468422
2026-02-15 14:00:00,E,79.0,79.67201007906975,-0.6720100790697501
2026-02-16 06:00:00,M,79.0,80.2723506372386,-1.2723506372386026
2026-02-16 14:00:00,E,81.0,79.5161252583203,1.4838747416796991
2026-02-17 06:00:00,M,83.0,81.54946144811967,1.450538551880328
2026-02-17 14:00:00,E,76.0,79.95293852125076,-3.9529385212507577
2026-02-18 06:00:00,M,83.0,82.73695229622493,0.26304770377507225
2026-02-18 14:00:00,E,80.0,80.94095715627356,-0.940957156273555
2026-02-19 06:00:00,M,83.0,82.38521524702514,0.614784752974856
2026-02-19 14:00:00,E,80.0,81.36536286021001,-1.3653628602100127
2026-02-20 06:00:00,M,80.0,79.4263300036201,0.5736699963799055
2026-02-20 14:00:00,E,81.0,81.82506969841621,-0.8250696984162147
2026-02-21 06:00:00,M,82.0,82.79097967170092,-0.7909796717009243
2026-02-21 14:00:00,E,78.0,81.75317734381284,-3.753177343812837
2026-02-22 06:00:00,M,80.0,81.65067791631117,-1.6506779163111673
2026-02-22 14:00:00,E,79.0,81.27823240452699,-2.278232404526989
2026-02-23 06:00:00,M,82.0,82.63415863994432,-0.6341586399443173
2026-02-23 14:00:00,E,79.0,81.12943549373048,-2.129435493730483
2026-02-24 06:00:00,M,79.0,81.15828061966693,-2.1582806196669253
2026-02-24 14:00:00,E,78.0,77.5162360210929,0.4837639789071062
2026-02-25 06:00:00,M,75.0,76.84789243013692,-1.8478924301369233
2026-02-25 14:00:00,E,81.0,79.20777480666287,1.7922251933371314
2026-02-26 06:00:00,M,81.0,82.28398367443633,-1.2839836744363282
2026-02-26 14:00:00,E,80.0,82.61381700180513,-2.613817001805131
2026-02-27 06:00:00,M,79.0,82.21761527994158,-3.217615279941583
2026-02-27 14:00:00,E,78.0,83.31645058793421,-5.316450587934213
2026-02-28 06:00:00,M,82.0,82.61194261325186,-0.6119426132518555
2026-02-28 14:00:00,E,79.0,80.84394309515189,-1.8439430951518858
2026-03-01 06:00:00,M,80.0,81.81051661734836,-1.8105166173483553
2026-03-01 14:00:00,E,81.0,82.83257430503456,-1.832574305034555
2026-03-02 06:00:00,M,82.0,83.23000826074566,-1.230008260745663
2026-03-02 14:00:00,E,82.0,82.78374037711767,-0.7837403771176668
2026-03-03 06:00:00,M,82.0,82.26198351986076,-0.2619835198607632
2026-03-03 14:00:00,E,80.0,77.15207785440522,2.8479221455947794
2026-03-04 06:00:00,M,78.0,77.90626984808912,0.09373015191087575
2026-03-04 14:00:00,E,79.0,78.18443069675077,0.8155693032492337
2026-03-05 06:00:00,M,79.0,78.63113552426326,0.36886447573674275
2026-03-05 14:00:00,E,78.0,79.25498653682044,-1.2549865368204394
2026-03-06 06:00:00,M,84.0,80.56009622478898,3.4399037752110218
2026-03-06 14:00:00,E,83.0,80.59607030468572,2.4039296953142752
2026-03-07 06:00:00,M,81.0,79.19140379664312,1.8085962033568848
2026-03-07 14:00:00,E,75.0,73.51645947402169,1.483540525978313
2026-03-08 14:00:00,E,80.0,78.3988601376892,1.6011398623108022
2026-03-09 06:00:00,M,77.0,77.15889336524042,-0.15889336524041653
2026-03-09 06:00:00,M,81.0,77.38639646213412,3.6136035378658846
2026-03-09 14:00:00,E,76.0,76.76626093006746,-0.7662609300674603
2026-03-10 06:00:00,M,78.0,78.28749061962309,-0.2874906196230853
2026-03-10 14:00:00,E,80.0,79.29252818607002,0.7074718139299847
2026-03-11 06:00:00,M,81.0,79.06206685743653,1.937933142563466
2026-03-11 14:00:00,E,85.0,82.01431632151744,2.985683678482559
2026-03-12 06:00:00,M,83.0,79.43748554168343,3.5625144583165707
2026-03-12 14:00:00,E,80.0,80.36025775279758,-0.36025775279757966
2026-03-13 06:00:00,M,81.0,80.01701479900528,0.9829852009947189
2026-03-13 14:00:00,E,81.0,80.52005271678387,0.4799472832161342
2026-03-14 06:00:00,M,83.0,81.21738510635308,1.7826148936469224
2026-03-14 14:00:00,E,78.0,79.70637688896998,-1.7063768889699844
2026-03-15 06:00:00,M,74.0,75.52497471313036,-1.5249747131303621
2026-03-15 14:00:00,E,74.0,77.14887352567763,-3.1488735256776295
2026-03-16 06:00:00,M,81.0,78.23548269487065,2.7645173051293455
2026-03-16 14:00:00,E,81.0,79.07180329408821,1.9281967059117875
2026-03-17 06:00:00,M,81.0,78.99597262868508,2.004027371314919
2026-03-17 14:00:00,E,81.0,79.41822454305688,1.5817754569431202
2026-03-18 06:00:00,M,78.0,77.55055388814698,0.4494461118530211
2026-03-18 14:00:00,E,78.0,78.44571858672246,-0.4457185867224638
2026-03-19 06:00:00,M,76.0,79.6857045558386,-3.6857045558385977
2026-03-19 14:00:00,E,81.0,79.16787935956826,1.8321206404317394
2026-03-20 06:00:00,M,79.0,78.01086076152207,0.9891392384779323
2026-03-20 14:00:00,E,80.0,78.53495285046375,1.4650471495362467
2026-03-21 06:00:00,M,81.0,79.78959952971724,1.2104004702827638
2026-03-21 14:00:00,E,82.0,80.14558436840029,1.8544156315997071
2026-03-22 06:00:00,M,76.0,74.83961216237418,1.1603878376258194
2026-03-22 14:00:00,E,71.0,71.59280257295295,-0.592802572952948
2026-03-23 06:00:00,M,65.0,65.19221518128839,-0.19221518128838966
2026-03-23 14:00:00,E,75.0,72.94187805872704,2.058121941272958
2026-03-24 06:00:00,M,74.0,73.1675969391916,0.832403060808403
2026-03-24 14:00:00,E,73.0,73.81816315498122,-0.8181631549812209
2026-03-25 06:00:00,M,74.0,75.66762120379896,-1.6676212037989586
2026-03-25 14:00:00,E,82.0,83.30513350401812,-1.3051335040181158
2026-03-26 06:00:00,M,84.0,83.99678584896934,0.003214151030661583
2026-03-26 14:00:00,E,86.0,83.81241638946516,2.187583610534844
2026-03-27 06:00:00,M,80.0,79.60130693090021,0.3986930690997923
2026-03-27 14:00:00,E,76.0,76.04924062786608,-0.04924062786608374
2026-03-28 06:00:00,M,76.0,76.94635862087111,-0.9463586208711092
2026-03-28 14:00:00,E,78.0,77.10219377798573,0.8978062220142675
2026-03-29 06:00:00,M,76.0,76.62566997998996,-0.625669979989965
2026-03-29 14:00:00,E,76.0,74.51399602425947,1.4860039757405303
2026-03-30 06:00:00,M,80.0,78.19038669873036,1.8096133012696356
2026-03-30 14:00:00,E,80.0,81.16140483809833,-1.1614048380983348
2026-03-31 06:00:00,M,93.0,79.76173121329771,13.238268786702292
2026-03-31 14:00:00,E,77.0,79.59361260926183,-2.5936126092618252
